{
    "discounted_return": [
        -17.598267887459148, 
        -16.77661499220612, 
        -15.684116543174902, 
        -16.025562564977612, 
        -17.061249868298695, 
        -16.922027896184566, 
        -17.065851595409313, 
        -16.49614158117155, 
        -17.641750469645025, 
        -16.086132414903233, 
        -2.8432000000000004
    ], 
    "learning_episode": [
        0, 
        1, 
        1, 
        2, 
        2, 
        3, 
        3, 
        4, 
        4, 
        5, 
        5
    ], 
    "learning_steps": [
        0, 
        200, 
        400, 
        600, 
        800, 
        1000, 
        1200, 
        1400, 
        1600, 
        1800, 
        2000
    ], 
    "learning_time": [
        0, 
        13.629999999999995, 
        27.54000000000002, 
        40.74999999999994, 
        54.779999999999916, 
        68.65000000000003, 
        82.11999999999983, 
        95.97999999999973, 
        110.2699999999997, 
        124.37999999999982, 
        138.16000000000003
    ], 
    "num_features": [
        12, 
        12, 
        12, 
        12, 
        12, 
        12, 
        12, 
        12, 
        12, 
        12, 
        12
    ], 
    "return": [
        -710.64, 
        -696.28, 
        -695.54, 
        -697.54, 
        -699.98, 
        -695.96, 
        -703.84, 
        -711.76, 
        -700.1, 
        -687.0, 
        -3.06
    ], 
    "seed": 1, 
    "steps": [
        400.0, 
        400.0, 
        400.0, 
        400.0, 
        400.0, 
        400.0, 
        400.0, 
        400.0, 
        400.0, 
        400.0, 
        400.0
    ], 
    "terminated": [
        0.0, 
        0.0, 
        0.0, 
        0.0, 
        0.0, 
        0.0, 
        0.0, 
        0.0, 
        0.0, 
        0.0, 
        0.0
    ]
}